,epoch,train_loss,val_loss
0,1,7106.343619346619,0.0
1,2,5511.296999454498,0.0
